,fileid,prediction
0,MLSP_test1053175.npy,Shatter
1,MLSP_test1071.npy,Microwave_oven
2,MLSP_test1077269.npy,Shatter
3,MLSP_test1116162.npy,Bark
4,MLSP_test113179.npy,Doorbell
5,MLSP_test1134284.npy,Bark
6,MLSP_test1140162.npy,Microwave_oven
7,MLSP_test1163322.npy,Bark
8,MLSP_test1186185.npy,Bark
9,MLSP_test1192345.npy,Bark
10,MLSP_test1194176.npy,Shatter
11,MLSP_test1205141.npy,Bark
12,MLSP_test1216256.npy,Bark
13,MLSP_test1235269.npy,Bark
14,MLSP_test1277465.npy,Bark
15,MLSP_test1289164.npy,Walk_and_footsteps
16,MLSP_test1301172.npy,Bark
17,MLSP_test130220.npy,Meow
18,MLSP_test1306499.npy,Bark
19,MLSP_test130845.npy,Bark
20,MLSP_test132489.npy,Bark
21,MLSP_test1328457.npy,Walk_and_footsteps
22,MLSP_test1353495.npy,Microwave_oven
23,MLSP_test1357311.npy,Microwave_oven
24,MLSP_test1362223.npy,Microwave_oven
25,MLSP_test1373407.npy,Knock
26,MLSP_test1379148.npy,Microwave_oven
27,MLSP_test1395138.npy,Microwave_oven
28,MLSP_test1404304.npy,Microwave_oven
29,MLSP_test140846.npy,Bark
30,MLSP_test1443477.npy,Microwave_oven
31,MLSP_test1451403.npy,Microwave_oven
32,MLSP_test1457299.npy,Microwave_oven
33,MLSP_test1458291.npy,Microwave_oven
34,MLSP_test1475459.npy,Microwave_oven
35,MLSP_test149028.npy,Microwave_oven
36,MLSP_test1498106.npy,Microwave_oven
37,MLSP_test1515407.npy,Microwave_oven
38,MLSP_test1516233.npy,Microwave_oven
39,MLSP_test1524204.npy,Shatter
40,MLSP_test1553343.npy,Shatter
41,MLSP_test1582420.npy,Siren
42,MLSP_test1602453.npy,Crying_and_sobbing
43,MLSP_test1649169.npy,Shatter
44,MLSP_test1683220.npy,Shatter
45,MLSP_test1706153.npy,Shatter
46,MLSP_test17186.npy,Walk_and_footsteps
47,MLSP_test173438.npy,Siren
48,MLSP_test1778475.npy,Doorbell
49,MLSP_test1798478.npy,Shatter
50,MLSP_test1805429.npy,Doorbell
51,MLSP_test1810394.npy,Vehicle_horn_and_car_horn_and_honking
52,MLSP_test1820283.npy,Shatter
53,MLSP_test182273.npy,Siren
54,MLSP_test18380.npy,Microwave_oven
55,MLSP_test1865154.npy,Siren
56,MLSP_test192098.npy,Shatter
57,MLSP_test1968494.npy,Walk_and_footsteps
58,MLSP_test198998.npy,Siren
59,MLSP_test20111.npy,Vehicle_horn_and_car_horn_and_honking
60,MLSP_test2012248.npy,Walk_and_footsteps
61,MLSP_test205489.npy,Meow
62,MLSP_test206085.npy,Microwave_oven
63,MLSP_test2061309.npy,Knock
64,MLSP_test2062232.npy,Meow
65,MLSP_test2065366.npy,Meow
66,MLSP_test2068447.npy,Vehicle_horn_and_car_horn_and_honking
67,MLSP_test2071356.npy,Bark
68,MLSP_test2072214.npy,Siren
69,MLSP_test2073257.npy,Meow
70,MLSP_test2074455.npy,Siren
71,MLSP_test2077439.npy,Meow
72,MLSP_test2081207.npy,Meow
73,MLSP_test2082223.npy,Siren
74,MLSP_test2085405.npy,Shatter
75,MLSP_test208923.npy,Meow
76,MLSP_test2090121.npy,Microwave_oven
77,MLSP_test2091205.npy,Vehicle_horn_and_car_horn_and_honking
78,MLSP_test2098444.npy,Meow
79,MLSP_test210764.npy,Vehicle_horn_and_car_horn_and_honking
80,MLSP_test2108410.npy,Vehicle_horn_and_car_horn_and_honking
81,MLSP_test2109311.npy,Vehicle_horn_and_car_horn_and_honking
82,MLSP_test2115430.npy,Shatter
83,MLSP_test213499.npy,Microwave_oven
84,MLSP_test2142247.npy,Microwave_oven
85,MLSP_test2144237.npy,Vehicle_horn_and_car_horn_and_honking
86,MLSP_test2153476.npy,Vehicle_horn_and_car_horn_and_honking
87,MLSP_test2154380.npy,Microwave_oven
88,MLSP_test2155260.npy,Vehicle_horn_and_car_horn_and_honking
89,MLSP_test2158293.npy,Knock
90,MLSP_test2182439.npy,Vehicle_horn_and_car_horn_and_honking
91,MLSP_test2186214.npy,Vehicle_horn_and_car_horn_and_honking
92,MLSP_test2204281.npy,Knock
93,MLSP_test2206272.npy,Bark
94,MLSP_test2211271.npy,Microwave_oven
95,MLSP_test2229354.npy,Knock
96,MLSP_test2239166.npy,Microwave_oven
97,MLSP_test2318377.npy,Shatter
98,MLSP_test2336133.npy,Microwave_oven
99,MLSP_test2406.npy,Meow
100,MLSP_test2409.npy,Meow
101,MLSP_test2426402.npy,Walk_and_footsteps
102,MLSP_test2462130.npy,Microwave_oven
103,MLSP_test2471429.npy,Walk_and_footsteps
104,MLSP_test2472403.npy,Bark
105,MLSP_test25298.npy,Meow
106,MLSP_test2545247.npy,Walk_and_footsteps
107,MLSP_test2552281.npy,Walk_and_footsteps
108,MLSP_test2559120.npy,Siren
109,MLSP_test2565453.npy,Walk_and_footsteps
110,MLSP_test2566454.npy,Crying_and_sobbing
111,MLSP_test2590367.npy,Shatter
112,MLSP_test2647496.npy,Microwave_oven
113,MLSP_test2679170.npy,Crying_and_sobbing
114,MLSP_test2693194.npy,Shatter
115,MLSP_test2779413.npy,Walk_and_footsteps
116,MLSP_test2823431.npy,Siren
117,MLSP_test2828417.npy,Doorbell
118,MLSP_test286435.npy,Doorbell
119,MLSP_test301421.npy,Shatter
120,MLSP_test303269.npy,Microwave_oven
121,MLSP_test329269.npy,Vehicle_horn_and_car_horn_and_honking
122,MLSP_test3739.npy,Knock
123,MLSP_test423139.npy,Meow
124,MLSP_test432208.npy,Microwave_oven
125,MLSP_test453350.npy,Doorbell
126,MLSP_test4577.npy,Vehicle_horn_and_car_horn_and_honking
127,MLSP_test463146.npy,Crying_and_sobbing
128,MLSP_test485355.npy,Knock
129,MLSP_test489164.npy,Vehicle_horn_and_car_horn_and_honking
130,MLSP_test49854.npy,Knock
131,MLSP_test5143.npy,Vehicle_horn_and_car_horn_and_honking
132,MLSP_test536357.npy,Doorbell
133,MLSP_test552352.npy,Knock
134,MLSP_test55319.npy,Meow
135,MLSP_test55458.npy,Knock
136,MLSP_test56548.npy,Crying_and_sobbing
137,MLSP_test566180.npy,Crying_and_sobbing
138,MLSP_test569232.npy,Knock
139,MLSP_test572384.npy,Doorbell
140,MLSP_test574217.npy,Knock
141,MLSP_test580456.npy,Crying_and_sobbing
142,MLSP_test582166.npy,Crying_and_sobbing
143,MLSP_test584349.npy,Vehicle_horn_and_car_horn_and_honking
144,MLSP_test58686.npy,Knock
145,MLSP_test58819.npy,Crying_and_sobbing
146,MLSP_test592439.npy,Knock
147,MLSP_test593381.npy,Knock
148,MLSP_test597453.npy,Doorbell
149,MLSP_test599390.npy,Vehicle_horn_and_car_horn_and_honking
150,MLSP_test6052.npy,Doorbell
151,MLSP_test6079.npy,Meow
152,MLSP_test6118.npy,Meow
153,MLSP_test612184.npy,Walk_and_footsteps
154,MLSP_test616123.npy,Doorbell
155,MLSP_test620253.npy,Vehicle_horn_and_car_horn_and_honking
156,MLSP_test632353.npy,Vehicle_horn_and_car_horn_and_honking
157,MLSP_test633242.npy,Doorbell
158,MLSP_test63869.npy,Doorbell
159,MLSP_test639115.npy,Doorbell
160,MLSP_test6401.npy,Doorbell
161,MLSP_test6416.npy,Microwave_oven
162,MLSP_test645492.npy,Walk_and_footsteps
163,MLSP_test651130.npy,Vehicle_horn_and_car_horn_and_honking
164,MLSP_test65746.npy,Doorbell
165,MLSP_test665311.npy,Bark
166,MLSP_test68182.npy,Vehicle_horn_and_car_horn_and_honking
167,MLSP_test682163.npy,Doorbell
168,MLSP_test68320.npy,Vehicle_horn_and_car_horn_and_honking
169,MLSP_test683408.npy,Doorbell
170,MLSP_test684486.npy,Doorbell
171,MLSP_test688497.npy,Doorbell
172,MLSP_test6886.npy,Microwave_oven
173,MLSP_test68915.npy,Vehicle_horn_and_car_horn_and_honking
174,MLSP_test6905.npy,Knock
175,MLSP_test712344.npy,Vehicle_horn_and_car_horn_and_honking
176,MLSP_test732470.npy,Shatter
177,MLSP_test7347.npy,Vehicle_horn_and_car_horn_and_honking
178,MLSP_test7443.npy,Vehicle_horn_and_car_horn_and_honking
179,MLSP_test7490.npy,Walk_and_footsteps
180,MLSP_test755223.npy,Microwave_oven
181,MLSP_test7672.npy,Vehicle_horn_and_car_horn_and_honking
182,MLSP_test7723.npy,Crying_and_sobbing
183,MLSP_test774107.npy,Shatter
184,MLSP_test77893.npy,Shatter
185,MLSP_test7835.npy,Meow
186,MLSP_test7872.npy,Microwave_oven
187,MLSP_test80263.npy,Shatter
188,MLSP_test819237.npy,Microwave_oven
189,MLSP_test8395.npy,Shatter
190,MLSP_test8403.npy,Bark
191,MLSP_test856170.npy,Microwave_oven
192,MLSP_test88227.npy,Knock
193,MLSP_test896150.npy,Knock
194,MLSP_test901102.npy,Knock
195,MLSP_test925449.npy,Shatter
196,MLSP_test932110.npy,Microwave_oven
197,MLSP_test941333.npy,Knock
198,MLSP_test942230.npy,Knock
199,MLSP_test968297.npy,Shatter
200,MLSP_test997159.npy,Shatter
